{"id": "Simon Maurer <simon.maurer@unibe.ch>.Jack.2022_0_0_1", "name": "Jack", "tag": "Jack", "description": "A Custom sink to stream ambisonic audio channels to JACK2", "vendor": "Simon Maurer <simon.maurer@unibe.ch>", "image": "data:image/png;base64,iVBORw0KGgoAAAANSUhEUgAAAAEAAAABCAQAAAC1HAwCAAAAC0lEQVR42mNkYAAAAAYAAjCB0C8AAAAASUVORK5CYII=", "type": "plugin", "productDependentData": {"targetWwiseVersion": {"year": 2022, "major": 0}}, "version": {"year": 2022, "major": 0, "minor": 0, "build": 1}, "eulas": [], "labels": [], "links": [], "documentation": [], "files": [{"groups": [{"groupId": "Packages", "groupValueId": "Authoring"}], "id": "Jack_v2022.0.0_Build1_Authoring.Documentation.tar.xz", "licenses": [], "name": "Authoring.Documentation.Jack.tar.xz", "sha1": "648495f7e7bf09693d7dd026eb6377a7b31492bc", "size": 912, "sourceName": "Jack_v2022.0.0_Build1_Authoring.Documentation.tar.xz", "uncompressedSize": 2541}, {"groups": [{"groupId": "Packages", "groupValueId": "AuthoringDebug"}, {"groupId": "AuthoringPlatforms", "groupValueId": "x64"}], "id": "Jack_v2022.0.0_Build1_Authoring_Windows_Debug.x64.tar.xz", "licenses": [{"licenseId": "wwise_debug"}, {"licenseId": "maintenance"}], "name": "AuthoringDebug.x64.Jack.tar.xz", "sha1": "4f03b9193eda81a7ad85b5a063eb10db147947a8", "size": 51280, "sourceName": "Jack_v2022.0.0_Build1_Authoring_Windows_Debug.x64.tar.xz", "uncompressedSize": 312052}, {"groups": [{"groupId": "Packages", "groupValueId": "Authoring"}, {"groupId": "AuthoringPlatforms", "groupValueId": "x64"}], "id": "Jack_v2022.0.0_Build1_Authoring_Windows_Release.x64.tar.xz", "licenses": [], "name": "Authoring.x64.Jack.tar.xz", "sha1": "f83cfef9d9403c1626c583e2a5ec0ae2c8c2bac5", "size": 12980, "sourceName": "Jack_v2022.0.0_Build1_Authoring_Windows_Release.x64.tar.xz", "uncompressedSize": 35526}, {"groups": [{"groupId": "Packages", "groupValueId": "SDK"}], "id": "Jack_v2022.0.0_Build1_SDK.Common.tar.xz", "licenses": [], "name": "SDK.Common.Jack.tar.xz", "sha1": "c6f240e9b8986f4de0f7d7dfd3861e566fb7680f", "size": 864, "sourceName": "Jack_v2022.0.0_Build1_SDK.Common.tar.xz", "uncompressedSize": 1420}, {"groups": [{"groupId": "Packages", "groupValueId": "SDK"}, {"groupId": "DeploymentPlatforms", "groupValueId": "Windows_vc150"}], "id": "Jack_v2022.0.0_Build1_SDK.Windows_vc150.tar.xz", "licenses": [], "name": "SDK.Windows_vc150.Jack.tar.xz", "sha1": "5415a8d5569ee4fb7e0781c07919b9973b50f975", "size": 2682948, "sourceName": "Jack_v2022.0.0_Build1_SDK.Windows_vc150.tar.xz", "uncompressedSize": 48567032}, {"groups": [{"groupId": "Packages", "groupValueId": "SDK"}, {"groupId": "DeploymentPlatforms", "groupValueId": "Windows_vc160"}], "id": "Jack_v2022.0.0_Build1_SDK.Windows_vc160.tar.xz", "licenses": [], "name": "SDK.Windows_vc160.Jack.tar.xz", "sha1": "41ebe3725f0060003ca70df11ec12265333f622f", "size": 3659916, "sourceName": "Jack_v2022.0.0_Build1_SDK.Windows_vc160.tar.xz", "uncompressedSize": 48377986}]}