{"id": "Simon Maurer <simon.maurer@unibe.ch>.Jack.2022_0_2_0", "name": "Jack", "tag": "Jack", "description": "A Custom sink to stream Wwise audio channels to JACK2", "vendor": "Simon Maurer <simon.maurer@unibe.ch>", "image": "data:image/png;base64,iVBORw0KGgoAAAANSUhEUgAAAAEAAAABCAQAAAC1HAwCAAAAC0lEQVR42mNkYAAAAAYAAjCB0C8AAAAASUVORK5CYII=", "type": "plugin", "productDependentData": {"targetWwiseVersion": {"year": 2022, "major": 0}}, "version": {"year": 2022, "major": 0, "minor": 2, "build": 0}, "eulas": [], "labels": [], "links": [], "documentation": [], "files": [{"groups": [{"groupId": "Packages", "groupValueId": "Authoring"}], "id": "Jack_v2022.0.2_Build0_Authoring.Documentation.tar.xz", "licenses": [], "name": "Authoring.Documentation.Jack.tar.xz", "sha1": "c01ce048a932376da9e1ef1d7b08fc29cb08c279", "size": 912, "sourceName": "Jack_v2022.0.2_Build0_Authoring.Documentation.tar.xz", "uncompressedSize": 2541}, {"groups": [{"groupId": "Packages", "groupValueId": "AuthoringDebug"}, {"groupId": "AuthoringPlatforms", "groupValueId": "x64"}], "id": "Jack_v2022.0.2_Build0_Authoring_Windows_Debug.x64.tar.xz", "licenses": [{"licenseId": "wwise_debug"}, {"licenseId": "maintenance"}], "name": "AuthoringDebug.x64.Jack.tar.xz", "sha1": "cc7d0793b34153812510996b1682cfe76920775c", "size": 51312, "sourceName": "Jack_v2022.0.2_Build0_Authoring_Windows_Debug.x64.tar.xz", "uncompressedSize": 313588}, {"groups": [{"groupId": "Packages", "groupValueId": "Authoring"}, {"groupId": "AuthoringPlatforms", "groupValueId": "x64"}], "id": "Jack_v2022.0.2_Build0_Authoring_Windows_Release.x64.tar.xz", "licenses": [], "name": "Authoring.x64.Jack.tar.xz", "sha1": "e68d7d291b12e27751c2abb505bdc39f6a9a7041", "size": 12876, "sourceName": "Jack_v2022.0.2_Build0_Authoring_Windows_Release.x64.tar.xz", "uncompressedSize": 35526}, {"groups": [{"groupId": "Packages", "groupValueId": "SDK"}], "id": "Jack_v2022.0.2_Build0_SDK.Common.tar.xz", "licenses": [], "name": "SDK.Common.Jack.tar.xz", "sha1": "c6f240e9b8986f4de0f7d7dfd3861e566fb7680f", "size": 864, "sourceName": "Jack_v2022.0.2_Build0_SDK.Common.tar.xz", "uncompressedSize": 1420}, {"groups": [{"groupId": "Packages", "groupValueId": "SDK"}, {"groupId": "DeploymentPlatforms", "groupValueId": "Windows_vc150"}], "id": "Jack_v2022.0.2_Build0_SDK.Windows_vc150.tar.xz", "licenses": [], "name": "SDK.Windows_vc150.Jack.tar.xz", "sha1": "81241a992aef44a5dc487b741663cd6618956aab", "size": 3639572, "sourceName": "Jack_v2022.0.2_Build0_SDK.Windows_vc150.tar.xz", "uncompressedSize": 57490052}, {"groups": [{"groupId": "Packages", "groupValueId": "SDK"}, {"groupId": "DeploymentPlatforms", "groupValueId": "Windows_vc160"}], "id": "Jack_v2022.0.2_Build0_SDK.Windows_vc160.tar.xz", "licenses": [], "name": "SDK.Windows_vc160.Jack.tar.xz", "sha1": "ccb1507af43ead982d99d7812d469e54ff25dbb1", "size": 4446868, "sourceName": "Jack_v2022.0.2_Build0_SDK.Windows_vc160.tar.xz", "uncompressedSize": 55589894}, {"groups": [{"groupId": "Packages", "groupValueId": "SDK"}, {"groupId": "DeploymentPlatforms", "groupValueId": "Windows_vc170"}], "id": "Jack_v2022.0.2_Build0_SDK.Windows_vc170.tar.xz", "licenses": [], "name": "SDK.Windows_vc170.Jack.tar.xz", "sha1": "cd6ab217ee9ecf614acc92fe676645fe7e625edb", "size": 4722280, "sourceName": "Jack_v2022.0.2_Build0_SDK.Windows_vc170.tar.xz", "uncompressedSize": 65247534}]}