{"id": "Simon Maurer <simon.maurer@unibe.ch>.Jack.2022_0_2_2", "name": "Jack", "tag": "Jack", "description": "A Custom sink to stream Wwise audio channels to JACK2", "vendor": "Simon Maurer <simon.maurer@unibe.ch>", "image": "data:image/png;base64,iVBORw0KGgoAAAANSUhEUgAAAAEAAAABCAQAAAC1HAwCAAAAC0lEQVR42mNkYAAAAAYAAjCB0C8AAAAASUVORK5CYII=", "type": "plugin", "productDependentData": {"targetWwiseVersion": {"year": 2022, "major": 0}}, "version": {"year": 2022, "major": 0, "minor": 2, "build": 2}, "eulas": [], "labels": [], "links": [], "documentation": [], "files": [{"groups": [{"groupId": "Packages", "groupValueId": "Authoring"}], "id": "Jack_v2022.0.2_Build2_Authoring.Documentation.tar.xz", "licenses": [], "name": "Authoring.Documentation.Jack.tar.xz", "sha1": "252e02fa0fa5a0bc0e1a3832e8e6ef6a6c14caaa", "size": 1068, "sourceName": "Jack_v2022.0.2_Build2_Authoring.Documentation.tar.xz", "uncompressedSize": 3285}, {"groups": [{"groupId": "Packages", "groupValueId": "AuthoringDebug"}, {"groupId": "AuthoringPlatforms", "groupValueId": "x64"}], "id": "Jack_v2022.0.2_Build2_Authoring_Windows_Debug.x64.tar.xz", "licenses": [{"licenseId": "wwise_debug"}, {"licenseId": "maintenance"}], "name": "AuthoringDebug.x64.Jack.tar.xz", "sha1": "6371b9653a55559970f3e5d8351b94ed8c7fb21a", "size": 51072, "sourceName": "Jack_v2022.0.2_Build2_Authoring_Windows_Debug.x64.tar.xz", "uncompressedSize": 292769}, {"groups": [{"groupId": "Packages", "groupValueId": "Authoring"}, {"groupId": "AuthoringPlatforms", "groupValueId": "x64"}], "id": "Jack_v2022.0.2_Build2_Authoring_Windows_Release.x64.tar.xz", "licenses": [], "name": "Authoring.x64.Jack.tar.xz", "sha1": "c93c2e739755e14e37c607bbc731ebb38b1d30df", "size": 13416, "sourceName": "Jack_v2022.0.2_Build2_Authoring_Windows_Release.x64.tar.xz", "uncompressedSize": 37235}, {"groups": [{"groupId": "Packages", "groupValueId": "SDK"}], "id": "Jack_v2022.0.2_Build2_SDK.Common.tar.xz", "licenses": [], "name": "SDK.Common.Jack.tar.xz", "sha1": "c6f240e9b8986f4de0f7d7dfd3861e566fb7680f", "size": 864, "sourceName": "Jack_v2022.0.2_Build2_SDK.Common.tar.xz", "uncompressedSize": 1420}, {"groups": [{"groupId": "Packages", "groupValueId": "SDK"}, {"groupId": "DeploymentPlatforms", "groupValueId": "Windows_vc150"}], "id": "Jack_v2022.0.2_Build2_SDK.Windows_vc150.tar.xz", "licenses": [], "name": "SDK.Windows_vc150.Jack.tar.xz", "sha1": "0556844bdcc8e95e74dcb92fab9d4ea650e8bfd4", "size": 2715116, "sourceName": "Jack_v2022.0.2_Build2_SDK.Windows_vc150.tar.xz", "uncompressedSize": 48927750}, {"groups": [{"groupId": "Packages", "groupValueId": "SDK"}, {"groupId": "DeploymentPlatforms", "groupValueId": "Windows_vc160"}], "id": "Jack_v2022.0.2_Build2_SDK.Windows_vc160.tar.xz", "licenses": [], "name": "SDK.Windows_vc160.Jack.tar.xz", "sha1": "c97fa25c65f31cccbae7e912c001cdf84b1d6721", "size": 3700664, "sourceName": "Jack_v2022.0.2_Build2_SDK.Windows_vc160.tar.xz", "uncompressedSize": 48632776}]}