{"id": "Simon Maurer <simon.maurer@unibe.ch>.Jack.2022_0_2_1", "name": "Jack", "tag": "Jack", "description": "A Custom sink to stream Wwise audio channels to JACK2", "vendor": "Simon Maurer <simon.maurer@unibe.ch>", "image": "data:image/png;base64,iVBORw0KGgoAAAANSUhEUgAAAAEAAAABCAQAAAC1HAwCAAAAC0lEQVR42mNkYAAAAAYAAjCB0C8AAAAASUVORK5CYII=", "type": "plugin", "productDependentData": {"targetWwiseVersion": {"year": 2022, "major": 0}}, "version": {"year": 2022, "major": 0, "minor": 2, "build": 1}, "eulas": [], "labels": [], "links": [], "documentation": [], "files": [{"groups": [{"groupId": "Packages", "groupValueId": "Authoring"}], "id": "Jack_v2022.0.2_Build1_Authoring.Documentation.tar.xz", "licenses": [], "name": "Authoring.Documentation.Jack.tar.xz", "sha1": "13d7c96646f1ae20744139a48ada0b2f45dd2c71", "size": 912, "sourceName": "Jack_v2022.0.2_Build1_Authoring.Documentation.tar.xz", "uncompressedSize": 2541}, {"groups": [{"groupId": "Packages", "groupValueId": "AuthoringDebug"}, {"groupId": "AuthoringPlatforms", "groupValueId": "x64"}], "id": "Jack_v2022.0.2_Build1_Authoring_Windows_Debug.x64.tar.xz", "licenses": [{"licenseId": "wwise_debug"}, {"licenseId": "maintenance"}], "name": "AuthoringDebug.x64.Jack.tar.xz", "sha1": "9da17f2e7b652e948f62e3f47787907717410969", "size": 50312, "sourceName": "Jack_v2022.0.2_Build1_Authoring_Windows_Debug.x64.tar.xz", "uncompressedSize": 288500}, {"groups": [{"groupId": "Packages", "groupValueId": "Authoring"}, {"groupId": "AuthoringPlatforms", "groupValueId": "x64"}], "id": "Jack_v2022.0.2_Build1_Authoring_Windows_Release.x64.tar.xz", "licenses": [], "name": "Authoring.x64.Jack.tar.xz", "sha1": "1f22d3b2f7cd6caea8272ed4323ade3388324154", "size": 13144, "sourceName": "Jack_v2022.0.2_Build1_Authoring_Windows_Release.x64.tar.xz", "uncompressedSize": 35526}, {"groups": [{"groupId": "Packages", "groupValueId": "SDK"}], "id": "Jack_v2022.0.2_Build1_SDK.Common.tar.xz", "licenses": [], "name": "SDK.Common.Jack.tar.xz", "sha1": "c6f240e9b8986f4de0f7d7dfd3861e566fb7680f", "size": 864, "sourceName": "Jack_v2022.0.2_Build1_SDK.Common.tar.xz", "uncompressedSize": 1420}, {"groups": [{"groupId": "Packages", "groupValueId": "SDK"}, {"groupId": "DeploymentPlatforms", "groupValueId": "Windows_vc150"}], "id": "Jack_v2022.0.2_Build1_SDK.Windows_vc150.tar.xz", "licenses": [], "name": "SDK.Windows_vc150.Jack.tar.xz", "sha1": "47ba03b317e1447f98f10e32f42ddf00acf7420b", "size": 2697720, "sourceName": "Jack_v2022.0.2_Build1_SDK.Windows_vc150.tar.xz", "uncompressedSize": 48744502}, {"groups": [{"groupId": "Packages", "groupValueId": "SDK"}, {"groupId": "DeploymentPlatforms", "groupValueId": "Windows_vc160"}], "id": "Jack_v2022.0.2_Build1_SDK.Windows_vc160.tar.xz", "licenses": [], "name": "SDK.Windows_vc160.Jack.tar.xz", "sha1": "702978a3310fb2f16ef40d684267403cb707a687", "size": 3627816, "sourceName": "Jack_v2022.0.2_Build1_SDK.Windows_vc160.tar.xz", "uncompressedSize": 48342472}]}